Title,GeneratedDescription,Rating
Bench barbell roll-out,"Bench barbell roll-out with a barbell on the floor.

The goal of this exercise is to keep the weight off the barbell.
.
,

.


The exercise is a combination of the following:",1
Barbell Side Bend,"Barbell Side Bend

This is a very good way to start your training program. It's a good way for you to get the most out of your training. It doesn't require a lot of training, but it's a great way to",2
Advanced Kettlebell Windmill,"Advanced Kettlebell Windmill

The Kettleball Windmill is a great option for anyone looking to build their own kettlebell windmill. It is a very simple design that can be built with a few simple adjustments. The windmill is",1
Bench barbell roll-out,"Bench barbell roll-out, the top barbell is the most common exercise for a man to do. It is also the most difficult.

The bottom barbell, on the other hand, is a very difficult exercise. It requires a",1
Barbell Side Bend,"Barbell Side Bend:

Pound the barbell up to the base of the back of the chest.

Pull the bar up to your chest. Repeat for the other side.
.
:
.",1
Narrow-stance squat,"Narrow-stance squat. This is a great way to get more strength and control.

Advertisement

The squat isn't just about the movement. It's about making sure you're not running out of steam. You need to get your body ready for the next workout.

""You need to get as much energy out of your body as possible,"" says T.C. ""You need to have the right amount of muscle in your body to get as high as possible. That's the key to this exercise. It's not just about strength, but also about getting as much energy from your body as you can.""

Get your body ready to run.

You want your body to run. That means,",2
Bench barbell roll-out,"Bench barbell roll-out is a great way to improve your squat and bench. It's a great way for your body to do all the work you need to do, while still keeping your body strong.

What are the benefits of a squat barbell roll out?

A squat barbell is a great tool for improving your squat and deadlift. It's very versatile, and can be used to help you build muscle and build strength.

It's also very versatile. The benefits are obvious:

It can be used in any position

It doesn't have to be a single position

You can use it to perform any form of movement

It allows you to work your way up to a new",2
Bench barbell roll-out,"Bench barbell roll-out

Rinse and repeat.

In the morning, try to add in a few minutes of rest between each exercise. This will help with your energy and help you recover faster.

For more info on the exercises, check out our video and our video on how to train for a full body workout.

How to Train for a Full Body Workout

If you're in a sport that requires a lot of muscle, it's probably best to start with the first workout in the morning.

If your body is too heavy to perform a full body exercise, it's best to start the workout in the afternoon.

You can train at home, or you can try to train",1
Bench barbell roll-out,"Bench barbell roll-out, with the weight lifted by a barbell.

The bodybuilder's goal is to build muscle and to maintain a muscular body.

""I am always on the lookout for strength, and I'm not just looking for strength. I am looking for strength to lift weights. I am always looking for strength, to lift weights,"" he says.

When he's not doing a few reps, he's doing a few sets of squats.

If he's doing one of those, he's looking for a little bit of a recovery.

He says he's only doing three sets of squats per week, and he doesn't have a lot of time to rest between sets.

",1
Bench barbell roll-out,"Bench barbell roll-out, and it's very hard to find a single workout that does not require a lot of effort and effort. The following is a list of the exercises I like most when I'm training.

The following are my favorite exercises.

Squat

The squat is a great exercise for the body and is a good way to break down the muscles of the body. The squat is also a great exercise to perform when you are not using the barbell.

Shoulder press

The shoulder press is a great way to get into the squat. The shoulder press is an awesome exercise to perform for beginners.

Pistol push-ups

The pistol pushups are a",2
